-- phpMyAdmin SQL Dump
-- version 5.2.1
-- https://www.phpmyadmin.net/
--
-- Host: 127.0.0.1
-- Generation Time: Jun 09, 2026 at 02:46 AM
-- Server version: 10.4.32-MariaDB
-- PHP Version: 8.2.12

SET SQL_MODE = "NO_AUTO_VALUE_ON_ZERO";
START TRANSACTION;
SET time_zone = "+00:00";


/*!40101 SET @OLD_CHARACTER_SET_CLIENT=@@CHARACTER_SET_CLIENT */;
/*!40101 SET @OLD_CHARACTER_SET_RESULTS=@@CHARACTER_SET_RESULTS */;
/*!40101 SET @OLD_COLLATION_CONNECTION=@@COLLATION_CONNECTION */;
/*!40101 SET NAMES utf8mb4 */;

--
-- Database: `db_library`
--

-- --------------------------------------------------------

--
-- Table structure for table `admin`
--

CREATE TABLE `admin` (
  `id` int(11) NOT NULL,
  `username` varchar(50) NOT NULL,
  `password` varchar(255) NOT NULL,
  `image` varchar(255) DEFAULT NULL,
  `full_name` varchar(100) DEFAULT NULL,
  `email` varchar(100) DEFAULT NULL,
  `last_login` datetime DEFAULT NULL
) ENGINE=InnoDB DEFAULT CHARSET=utf8mb4 COLLATE=utf8mb4_unicode_ci;

--
-- Dumping data for table `admin`
--

INSERT INTO `admin` (`id`, `username`, `password`, `image`, `full_name`, `email`, `last_login`) VALUES
(1, 'admin', 'admin', 'admin_69ec30ed26302.jpg', 'System Administrator KCIT', 'admin@library.com', '2026-06-09 07:30:49');

-- --------------------------------------------------------

--
-- Table structure for table `books`
--

CREATE TABLE `books` (
  `id` int(11) NOT NULL,
  `title` varchar(255) NOT NULL,
  `author` varchar(100) DEFAULT NULL,
  `category` varchar(100) DEFAULT NULL,
  `isbn` varchar(50) DEFAULT NULL,
  `image` varchar(255) DEFAULT NULL,
  `total_qty` int(11) DEFAULT 1,
  `available_qty` int(11) DEFAULT 1,
  `status` enum('Available','Out of Stock') DEFAULT 'Available'
) ENGINE=InnoDB DEFAULT CHARSET=utf8mb4 COLLATE=utf8mb4_general_ci;

--
-- Dumping data for table `books`
--

INSERT INTO `books` (`id`, `title`, `author`, `category`, `isbn`, `image`, `total_qty`, `available_qty`, `status`) VALUES
(1, 'ត្រីវិស័យជីវិត', 'ប្រាជ្ញ វិជ័យ', 'ទូទៅ', '978-999-63-42-06-6', 'book_69ec620cb3f3e.jpg', 1, 1, 'Available'),
(2, 'អច្ឆរិយវត្ថុពិភពលោកថ្មីទាំងប្រាំពីរ', 'វ៉ា សុវណ្ណរដ្ឋ', 'ទូទៅ', '978-99950-54-80-4', 'book_69ec61d876227.jpg', 1, 1, 'Available'),
(3, 'លើកកម្ពស់សីលធម៌សង្គម', 'លើកកម្ពស់សីលធម៌សង្គម', 'អប់រំ', '987-9924-539-97-1', 'book_69ec61963ee7a.jpg', 1, 0, 'Out of Stock'),
(4, 'វិធីព្យាបាលតាមធម្មជាតិបែបសាមញ្ញ', 'ចយ កូរាន', 'ទូទៅ', '987-616-321-976-3', 'book_69ec6146642a7.jpg', 1, 3, 'Available'),
(5, 'វិធីបង្រៀនមនុស្សឲ្យក្លាយជាអ្នកមាន', 'Robert Kiyosaki', 'ទូទៅ', '978-9-99-632714-8', 'book_69ec6110506a3.jpg', 1, 3, 'Available'),
(6, 'ការសិក្សាអំពីប្រសិទ្ធភាពម្សៅការ៉ុត (Daucuscarota) ក្នុងចំណីផ្សាំលើការលូតលាស់របស់ក្រួចជប៉ុន', 'អ៊ូ ចុង', 'ការស្រាវជ្រាវ', '-', 'book_69ec60d6328c4.jpg', 4, 4, 'Available'),
(8, 'សមាគ្រិនភាពនិងធុរៈកិច្ចជោគជ័យ', 'យិន ឆេងស៊ន', 'ការគ្រប់គ្រង', '978-9924-9117-0-8', 'book_69ec605d003f5.jpg', 7, 7, 'Available'),
(9, 'វិរបុរស អាស៊ាន', 'John Shovic', 'ប្រវត្តិសាស្ត្រ', '978-9924-5072-5-3', 'book_69ec60017add1.jpg', 4, 5, 'Available'),
(11, 'ហ្គេមស៌េជីវិត', 'ឈុំ សុចិណ្ណា', 'ទូទៅ', '978-9924-9141-0-5', 'book_69ec624164759.jpg', 1, 1, 'Available'),
(12, 'បច្ចេកវិទ្យា និងគំនិតច្នៃប្រឌិតដ៏ទាន់សម័យរបស់ប្រទេសអ៊ីស្រាអែល', 'Avi Jortsch', 'ការស្រាវជ្រាវ', '978-9924-507-864', 'book_69ec62715d768.jpg', 3, 3, 'Available'),
(13, 'Tubor C++', 'ម៉ន ពេជ្ជខេរា', 'Programing', '978-99950-2-108-5', 'book_69ec629ec10b0.jpg', 1, 1, 'Available'),
(14, 'គ្រប់គ្រងការទាក់ទាញទេសចរណ៌', 'ច្រឡឹង សុមេធា', 'ការគ្រប់គ្រង', '978-99950-2-192-4', 'book_69ec62cc61aac.jpg', 4, 4, 'Available'),
(15, 'ទូរគមនាគមន៍ GSM Technique', 'ឡោ សូនី', 'ទូទៅ', '978-99950-2-142-9', 'book_69ec631fb4a13.jpg', 1, 1, 'Available'),
(16, 'Wireless Network', 'ឡោ សូនី', 'ការគ្រប់គ្រង', '978-99950-2-099-6', 'book_69ec63453d921.jpg', 1, 1, 'Available'),
(17, 'វិធីសាស្រ្តក្នុងការសរសេរគម្រោងសំណើ', 'សេង សុអៀង', 'ការស្រាវជ្រាវ', '978-99950-2-129-0', 'book_69ec636953488.jpg', 1, 1, 'Available'),
(18, 'ដើមទន់ជីវិត', 'ស៊ឺន សុកភា', 'ទូទៅ', '978-9924-9516-0-5', 'book_69ec638b2a6b2.jpg', 1, 1, 'Available'),
(19, 'គិតបែបនាក់ដឹកនាំ Google', 'ជួន សារិទ្ធ', 'Tecnology', '978-9924-507-451', 'book_69ec63ba6009d.jpg', 1, 1, 'Available'),
(20, 'គំនិតទីផ្សារឌីជីថល', 'អៀង ស្រីលីន', 'ទូទៅ', '978-9924-9429-2-4', 'book_69ec63e24e400.jpg', 1, 1, 'Available'),
(21, 'បាត់បង់តែមិនបោះបង់', 'ថុន ថាវរី', 'ទូទៅ', '978-9924-551-16-4', 'book_69ec6400a87ab.jpg', 1, 1, 'Available'),
(22, 'ទំនាក់ទំនងអន្តរជាតិ', 'នៅ សករាជ', 'ទូទៅ', '978-99963-99-00-8', 'book_69ec641f3d6b8.jpg', 1, 1, 'Available'),
(23, 'ការគ្រប់គ្រងអាហារនិងភេសជ្ជៈ', 'យ៉ែម ច័ន្ទរិទ្ធ', 'ការគ្រប់គ្រង', '978-99950-2-191-7', 'book_69ec6448e307f.jpg', 1, 1, 'Available'),
(24, 'ការគ្រប់គ្រងការរៀបចំធ្វើដំណើរ', 'យ៉ែម ច័ន្ទរិទ្ធ', 'ការគ្រប់គ្រង', '978-99950-2-177-1', 'book_69ec647491f4e.jpg', 3, 2, 'Available'),
(25, 'ចិត្តកូនប្រុស', 'អ៊ុន សុខហ៊ាង', 'ប្រលោមលោក', '978-9924-9291-4-7', 'book_69ec64b32a47c.jpg', 1, 0, 'Out of Stock'),
(26, 'បង្កើតទម្លាប់អានដើម្បីជោគជ័យ', 'Akahiro Nakatani', 'ទូទៅ', '978-992-433-0677', 'book_69ec64d25c7a4.jpg', 1, 1, 'Available'),
(27, 'សុភាសិតជោគជ័យ', 'គឹម ចាន់ណា', 'ទូទៅ', '978-99963-09-18-2', 'book_69ec6503032b5.jpg', 1, 1, 'Available'),
(28, 'បណ្ឌិតអ៊ូចុង', 'អ៊ូ ចុង', 'ទូទៅ', '978-99950-64-28-0', 'book_69ec652d3111c.jpg', 1, 1, 'Available'),
(29, 'ការគ្រប់គ្រងក្រុមហ៊ុនទេសចរណ៍', 'ច្រឡឹង សុមេធា', 'ការគ្រប់គ្រង', '978-99950-2-157-3', 'book_69ec655b6964f.jpg', 1, 1, 'Available'),
(30, 'ស្ថាបត្យកម្មសកល', 'វ៉ា សុវណ្ណរដ្ឋ', 'ទូទៅ', '978-99950-59-51-4', 'book_69ec657d15db7.jpg', 1, 1, 'Available'),
(31, 'ការគ្រប់គ្រងទេសចរណ៍បេតិកភណ្ឌ', 'កង បូរាណ', 'ការគ្រប់គ្រង', '978-99950-2-160-3', 'book_69ec65a301094.jpg', 1, 1, 'Available'),
(32, 'មុគ្គុទេសក៍ទេសចរ', 'ស្រី សារឿន', 'ទេសចរណ៍', '978-99950-59-29-3', 'book_69ec65f37a1c2.jpg', 4, 4, 'Available'),
(33, 'ឥទ្ធិពលទេសចរណ៍', 'វ៉ាត វ៉ាន់វីរៈ', 'ទេសចរណ៍', '978-99950-2-176-4', 'book_69ec6618362ea.jpg', 2, 2, 'Available'),
(34, 'ដំណើរការសណ្ឋាគារ', 'ច្រឡឹង សុមេធា', 'ទូទៅ', '978-99950-2-158-0', 'book_69ec665049084.jpg', 2, 2, 'Available'),
(35, 'ការគ្រប់គ្រងធនធានមនុស្សក្នុងវិស័យសាធារណៈ', 'ភៅ មួយថង', 'ការគ្រប់គ្រង', '978-99950-2-252-2', 'book_69ec6678bd60f.jpg', 2, 2, 'Available'),
(36, 'តើព្រះសង្ឃជានរណា?', 'ឌុំ ដាវុយ', 'ទូទៅ', '978-9924-33-046-2', 'book_69ec669ab2e3f.jpg', 1, 1, 'Available'),
(37, 'គ្រហស្ថជាសាវកល្អ', 'ភួង សុវណ្ណ', 'ទូទៅ', '978-9996-304033', 'book_69ec66c65aff7.jpg', 13, 13, 'Available'),
(38, 'ការគ្រប់គ្រងភោជនីយដ្ឋាន', 'យ៉ែម ច័ន្ទរិទ្អ', 'ការគ្រប់គ្រង', '978-99950-2-162-7', 'book_69ec67097029d.jpg', 1, 1, 'Available'),
(39, 'បណ្ដុំទស្សនៈ', 'គួច ម៉េងលី', 'ទូទៅ', '978-9924-5081-7-5', 'book_69ec673a5da7f.jpg', 1, 1, 'Available'),
(40, 'កំពូលនារីបេះដូងពេជ្រ', 'ចាន់ មករា', 'ទូទៅ', '978-9924-507-29-1', 'book_69ec677a96668.jpg', 1, 1, 'Available'),
(41, 'អ្នកជាមនុស្សដ៏អស្ចារ្យបំផុត', 'ធឿន សុធា', 'ទូទៅ', '978-9924-9567-1-6', 'book_69ec67ad02895.jpg', 1, 1, 'Available'),
(42, 'ហុងស៊ុយសម្រាប់ការរស់នៅប្រចាំថ្ងៃ', 'តាន់ សូដានី', 'ទូទៅ', '978-99963-28-09-1', 'book_69ec67d670673.jpg', 1, 1, 'Available'),
(43, 'កម្លាំងការគិតវិជ្ជមាន', 'ប្រាជ្ញ វិជ័យ', 'ទូទៅ', '978-99-63-42-851', 'book_69ec67fb6e8ec.jpg', 1, 1, 'Available'),
(44, 'វ័យក្មេងវ័យរៀនរបស់អច្ឆរិយបុគ្គល', 'ប្រាជ្ញ វិជ័យ', 'ទូទៅ', '978-99-63-42-646', 'book_69ec682e192c8.jpg', 1, 1, 'Available'),
(45, 'ក្រមង៉ុយ', 'ពុយ គា', 'ប្រវត្តិសាស្ត្រ', '978-99950-64-27-3', 'book_69ec68673c7e9.jpg', 1, 1, 'Available'),
(46, 'គិតបែបជ្វីហ្វធ្វើការបែបជប៉ុន', 'ឌុំ ដាវុយ', 'ទូទៅ', '978-992-433-1209', 'book_69ec6893046c2.jpg', 1, 1, 'Available'),
(47, 'តិចនិចមើលរបាយការណ៍ហិរញ្ញវត្ថុ', 'សេដ្ឋ វិទូ', 'ទូទៅ', '978-9924-606-055', 'book_69ec68c211be0.jpg', 1, 1, 'Available'),
(48, 'អាថ៌កំបាំងពីក្រោយភាពជោគជ័យរបស់អ្នកឧកញ៉ាបណ្ឌិតសុខគង់', 'ងិន បាណាល់', 'ការស្រាវជ្រាវ', '978-9924-542-99-5', 'book_69ec68f56cf1c.jpg', 1, 1, 'Out of Stock'),
(49, 'ការធ្វើផែនការអាជីវកម្មធំតូច', 'ស៊ុំ សុចិន្តា', 'ទូទៅ', '978-99950-20-5-14', 'book_69ec695ae2e05.jpg', 2, 2, 'Available'),
(50, 'ការិយាល័យជួបមុខក្នុងសណ្ឋាគារ', 'អ៊ុំ ស៊ីវ៉ាន់ណាត', 'ទូទៅ', '978-99950-2-151-9', 'book_69ec698e688e8.jpg', 3, 3, 'Available'),
(51, 'គន្លឹះក្លាយជាសិស្សរៀនពូកែ', 'Barbara Oakley', 'ទូទៅ', '978-9924-606-116', 'book_69ec69b847fe9.jpg', 2, 2, 'Available'),
(52, 'ការគ្រប់គ្រងសណ្ឋាគារ', 'ច្រឡឹង សុមេធា', 'ការគ្រប់គ្រង', '978-99950-20-64-4', 'book_69ec69ee23f8a.jpg', 7, 7, 'Available'),
(53, 'បង្កើតគំនិតថ្មីៗជាមួយAI', 'នុត មករា', 'Tecnology', '978-996-3990-2-2', 'book_69ec6a24dc7a8.jpg', 1, 1, 'Available'),
(54, 'ទឹកដោះម្ដាយថ្លៃ', 'អ៊ុន សុខហ៊ាង', 'ប្រលោមលោក', '978-9924-9291-0-9', 'book_69ec6a52e1029.jpg', 1, 1, 'Available'),
(55, 'សិល្បៈដើមជីវិត', 'នូ ចំណាន', 'ទូទៅ', '978-99963-93-426', 'book_69ec6a704bf7d.jpg', 1, 1, 'Available'),
(56, 'ការគិតផ្លាស់ជីវិតថ្មី', 'វឿន វិកា', 'ទូទៅ', '-13-978-9924-9610-2-4', 'book_69ec6a9d0e78f.jpg', 1, 1, 'Available'),
(57, 'អំណានជាអំណាច', 'ឡាំ លីម', 'ទូទៅ', '-13-978-9924-551-13-3', 'book_69ec6acd3f648.jpg', 1, 1, 'Available'),
(58, 'ការគ្រប់គ្រងរមណីយដ្ឋាន', 'យ៉ែម ច័ន្ទរិទ្អ', 'ការគ្រប់គ្រង', '978-99950-2-217-4', 'book_69ec6b07862d5.jpg', 9, 9, 'Available'),
(59, 'ផែនទីជីវិត', 'ខៀវ សុផាត', 'ទូទៅ', '978-99963-575-1-0', 'book_69ec6b264e161.jpg', 1, 1, 'Available'),
(60, 'ក្លិនស្នេហ៍', 'មឿន សំណាង', 'ប្រលោមលោក', '978-9924-542-27-8', 'book_69ec6b4730ed3.jpg', 1, 1, 'Available'),
(61, 'ការគ្រប់គ្រងធនធានមនុស្សក្នុងឧស្សាហកម្មបដិសណ្ឋានកិច្ច', 'អ៊ុំ ស៊ីវ៉ាន់ណាត', 'ការគ្រប់គ្រង', '978-99950-2-126-9', 'book_69ec6b97b2e20.jpg', 5, 5, 'Available'),
(62, 'ពេលព្រឹក', 'Hal Elrod', 'ទូទៅ', '978-9924-569-0-15', 'book_69ec6bba5fba6.jpg', 1, 1, 'Available'),
(63, 'មូលដ្ឋានគ្រឹះនៃទីផ្សារកម្ម', 'ឈុំ សីហា', 'ទូទៅ', '978-9924-39-058-9', 'book_69ec6be39763c.jpg', 1, 1, 'Available'),
(64, 'ទេសចរណ៍', 'ច្រឡឹង សុមេធា', 'ទេសចរណ៍', '978-99950-2-159-7', 'book_69ec6c16641bb.jpg', 3, 3, 'Available'),
(65, 'ពិធីការជីវកម្ម', 'ច្រឡឹង សុមេធា', 'ទូទៅ', '978-99950-2-190-0', 'book_69ec6c46df817.jpg', 2, 0, 'Out of Stock'),
(66, 'វិធីបង្រៀនមនុស្សឱ្យក្លាយជាអ្នកមាន', 'អួន សារ៉ាក់', 'ទូទៅ', '978-9-99-63-2714-8', 'book_69ec6c8018db9.jpg', 1, 1, 'Available'),
(67, 'រៀនពូកែមិនចាំបាច់មានឪពុកជាសេដ្ឋីទេ', 'ប្រាជ្ញ វិជ័យ', 'ទូទៅ', '978-99-63-93-468', 'book_69ec6cd6384a3.jpg', 1, 1, 'Available'),
(68, 'ការគ្រប់គ្រងពិធី', 'យ៉ែម ច័ន្ទរិទ្អ', 'ការគ្រប់គ្រង', '978-99950-2-047-7', 'book_69ec6d0448e53.jpg', 3, 3, 'Available'),
(69, 'ការគ្រប់គ្រងការរៀបចំការធ្វើដំណើរ', 'ច្រឡឹង សុមេធា', 'ការគ្រប់គ្រង', '99950-2-177-1', 'book_69ec6d3a03442.jpg', 3, 3, 'Available'),
(70, 'ទំនាក់ទំនងនៃកម្លាំងពលកម្ម', 'អ៊ុំ ស៊ីវ៉ាន់ណាត', 'ទូទៅ', '978-99950-2-151-1', 'book_69ec6d6850e2c.jpg', 2, 2, 'Available'),
(71, 'កម្រងរឿងខ្លី ឧកញ៉ាវេជ្ជបណ្ឌិតគួយម៉េងលីនិមិត្តរូបខ្ញុំ', 'អឿន ស៊ីណា', 'ទូទៅ', '99950-2-151-1', 'book_69ec6daa6f0bc.jpg', 1, 1, 'Available'),
(72, 'វិធីសាស្ត្រដឹកនាំធីម', 'Anne Dannellon', 'ការស្រាវជ្រាវ', '978-999-63-47-22-1', 'book_69ec6ddd31789.jpg', 1, 1, 'Available'),
(73, 'សមាគ្រិនភាពធុរៈកិច្ចជោគជ័យ', 'យិន ឆេងស៊ន', 'ទូទៅ', '978-9924-91-17-0-8', 'book_69ec6e205bb57.jpg', 7, 7, 'Available'),
(74, 'ក្លាយជាអ្នកគ្រប់គ្រងដំបូង', 'យិន ឆេងស៊ន', 'ការគ្រប់គ្រង', '978-99963-694-8-3', 'book_69ec6e68c7b28.jpg', 4, 4, 'Available'),
(75, 'គ្រប់គ្រងយុទ្ធសាស្ត្រ និងការរៀបចំផែនការការងារ', 'យិន ឆេងស៊ន', 'ការគ្រប់គ្រង', '978-99963-694-2-1', 'book_69ec6ea264ff6.jpg', 5, 5, 'Available'),
(76, 'គ្រប់គ្រងធនធានមនុស្ស ទ្រឹស្ដី និងការអនុវត្ត', 'យិន ឆេងស៊ន', 'ការគ្រប់គ្រង', '978-99963-694-5-2', 'book_69ec6eee5f688.jpg', 7, 7, 'Available'),
(77, 'វប្បធម៌ទូទៅកម្ពុជា និងសកល', 'គួច ម៉េងលី', 'ទូទៅ', '978-9924-508-02-1', 'book_69ec6f2856880.jpg', 1, 1, 'Available'),
(78, 'មហាវិថីការងារ និងអាថ៌កំបាំងក្នុងដំណាក់កាលការងារ', 'នុត មករា', 'ទូទៅ', '978-9924-507-468', 'book_69ec6f7277de5.jpg', 4, 4, 'Available'),
(79, 'ការគ្រប់គ្រងការលក់អាហារ', 'ច្រឡឹង សុមេធា', 'ទូទៅ', '78-99950-20-64-4', 'book_69ec6fa05fe26.jpg', 7, 7, 'Available'),
(80, 'MATHEMATICS', 'Dr Joesph Yeo', 'Tecnology', '978-981-237-677-0', 'book_69ec6fec92337.jpg', 1, 1, 'Available'),
(81, 'ថាមពលនៃបំណងប្រាថ្នា', 'សៅ ផលរាសីហ៍', 'ទូទៅ', '978-9924-981-442', 'book_69ec701a3d2ea.jpg', 1, 1, 'Available'),
(82, 'សៀវភៅការងារបច្ចេកវិទ្យាចុងក្រោយ', 'ប្រាក់ សុធី', 'ការស្រាវជ្រាវ', '978-9824-9707-0-5', 'book_69ec703c0bba3.jpg', 1, 1, 'Available'),
(83, 'ហិរញ្ញវត្ថុក្លែងក្លាយ', 'Robert T. Kiyosak', 'ទូទៅ', '978-9924-507-956', 'book_69ec705f6a52b.jpg', 1, 0, 'Out of Stock'),
(84, 'ផ្នែកគណនេយ្យក្នុងសណ្ឋាគារ', 'អ៊ុំ ស៊ីវ៉ាន់ណាត', 'ការគ្រប់គ្រង', '978-99950-2-155-9', 'book_69ec7089e95fe.jpg', 2, 2, 'Available'),
(85, 'រៀនដំឡើង Windows និងកម្មវិធីសម្រាប់ប្រើប្រាស់ការិយាល័យ', 'ម៉េង អេដែត', 'Tecnology', '978-999-63-787-1-3', 'book_69ec70cdb1fd2.jpg', 1, 1, 'Available'),
(86, 'បៀបប្រើ E-mail Mobile', 'អាយធី ខូលលិច', 'Tecnology', '978-99964-787-5-1', 'book_69ec70fd5f326.jpg', 1, 1, 'Available'),
(87, 'ជួសជុលកុំព្យូទ័រ Laptop', 'ទាវ ឈុនណន', 'Tecnology', '978-99950-2-203-7', 'book_69ec711d34bd7.jpg', 1, 1, 'Available'),
(88, 'គ្រប់គ្រងទិន្នន័យលើ Microsoft Access 2007', 'ជី គឹមអ៊ី', 'ការគ្រប់គ្រង', '978-99950-59-873', 'book_69ec713fb54bd.jpg', 1, 0, 'Out of Stock'),
(89, 'ទំនៀមទម្លាប់ និងព័ត៌មានសមាជិកអាស៊ាន', 'ប្រាជ្ញ វិជ័យ', 'ការស្រាវជ្រាវ', '978-999-63-42-806', 'book_69ec717e54340.jpg', 1, 1, 'Available'),
(90, 'វិធីសាស្ដ្រនៃការសម្រេចចិត្ត', 'ខាម៉ាតៈ ខាតាស៊ឹ', 'ទូទៅ', '-13:978-99963-47-20-7', 'book_69ec73d386b11.jpg', 1, 1, 'Available'),
(91, 'ញញឹមទៅកាន់ពិភពលោក', 'ឡោ បញ្ញារ័ត្ន', 'ទូទៅ', '-13:978-9924-39-007-7', 'book_69ec7aab67c2d.jpg', 1, 1, 'Available'),
(92, 'វិធីបង្រៀនកូនឲមានសតិប្រាជ្ញាអចិ្ឆយៈនិងរៀនពូកែ', 'ប្រាជ្ញ វិជ៏យ', 'ទូទៅ', '997 999 63 93 402', '', 1, 1, 'Available'),
(93, 'ផ្លូវចេញរកស៊ី', 'រ៉ន ប៊ុនរ៉ាត់', 'ទូទៅ', '-13:978-9924-9366-02', 'book_69ec79971061b.jpg', 2, 1, 'Available'),
(94, 'វិធីសាស្ត្របង្រៀន', 'ប្រាក់ ពៅ', 'ទូទៅ', '978-9924-5420-3-2', 'book_69ec79a577a54.jpg', 1, 1, 'Out of Stock'),
(95, 'អ្នកជំនាញផ្នែក ធ្វើបទបង្ហាញ', 'ចាន់ មករា', 'ការស្រាវជ្រាវ', '978  9924 507 444', 'book_69ec79b79e7f0.jpg', 5, 4, 'Available'),
(96, 'កម្រៃការគិត', 'ប្រាជ្ញ វិជ័យ', 'ទូទៅ', '978 999 63 42 721', 'book_69ec79c4abf86.jpg', 1, 1, 'Available'),
(97, 'គំនិតស្រ្តី', 'ប្រាជ្ញ វិជ័យ', 'ទូទៅ', '978 99 96 34 21 72', 'book_69ec79d31197a.jpg', 1, 1, 'Available'),
(98, 'ការគិតបែបសមាហរណកម្ម', 'ប្រាជ្ញ វិជ័យ', 'ទូទៅ', '978 999 634 2493', 'book_69ec7a1c31301.jpg', 2, 1, 'Available'),
(99, 'ជំនឿបុរាណនៃជនជាតិខ្មែរ', 'ឈិន ឃួន', 'ទូទៅ', '978 99 63 93 631', 'book_69ec7a2c9d941.jpg', 1, 0, 'Out of Stock'),
(100, 'ឈានដល់ចំណុចកំពូលមុនអាយុ៣០ឆ្នាំ', 'ប្រាជ្ញ វិជ័យ', 'ទូទៅ', '978 999 63 42 059', 'book_69ec7a37daa21.jpg', 1, 0, 'Available'),
(101, 'វិធីកម្ចាត់សេចក្ដីខ្ជិល', 'ប្រាជ្ញ វិជ័យ', 'ទូទៅ', '978 992 433 0516', 'book_69ec7a4a5b5e2.jpg', 1, 0, 'Out of Stock'),
(102, 'យុតទ្ធសាស្រ្តធ្វើជំនួញបែបជនជាតិជប៉ុន', 'ចាន់ មករា', 'ទូទៅ', '978 9924  507 789', 'book_69ec7a5b251d2.jpg', 2, 0, 'Out of Stock');

-- --------------------------------------------------------

--
-- Table structure for table `borrows`
--

CREATE TABLE `borrows` (
  `id` int(11) NOT NULL,
  `member_id` int(11) DEFAULT NULL,
  `book_id` int(11) DEFAULT NULL,
  `borrow_date` date DEFAULT NULL,
  `return_date` date DEFAULT NULL,
  `actual_return_date` date DEFAULT NULL,
  `fine_amount` decimal(10,2) DEFAULT 0.00,
  `status` varchar(20) DEFAULT 'Pending'
) ENGINE=InnoDB DEFAULT CHARSET=utf8mb4 COLLATE=utf8mb4_general_ci;

--
-- Dumping data for table `borrows`
--

INSERT INTO `borrows` (`id`, `member_id`, `book_id`, `borrow_date`, `return_date`, `actual_return_date`, `fine_amount`, `status`) VALUES
(2, 1, 4, '2026-02-25', '2026-03-04', '2026-05-10', 33.50, 'Returned'),
(3, 1, 1, '2026-02-25', '2026-03-04', '2026-02-25', 0.00, 'Returned'),
(4, 1, 6, '2026-02-26', '2026-03-05', '2026-04-28', 27.00, 'Returned'),
(5, 2, 5, '2026-02-26', '2026-03-05', '2026-05-09', 32.50, 'Returned'),
(6, 2, 2, '2026-02-26', '2026-03-05', '2026-02-26', 0.00, 'Returned'),
(7, 2, 1, '2026-02-26', '2026-03-05', NULL, 0.00, 'Borrowed'),
(8, 3, 6, '2026-02-26', '2026-03-05', '2026-02-26', 0.00, 'Returned'),
(9, 2, 9, '2026-04-25', '2026-05-09', '2026-05-11', 1.00, 'Returned'),
(11, 3, 2, '2026-04-28', '2026-05-05', NULL, 0.00, 'Borrowed'),
(12, 1, 48, '2026-04-28', '2026-05-05', '2026-04-28', 0.00, 'Returned'),
(13, 4, 88, '2026-04-30', '2026-05-07', NULL, 0.00, 'Borrowed'),
(14, 5, 94, '2026-05-09', '2026-05-16', '2026-05-24', 4.00, 'Returned'),
(15, 5, 98, '2026-05-09', '2026-05-16', '2026-05-24', 4.00, 'Returned'),
(16, 5, 93, '2026-05-09', '2026-05-16', '2026-05-09', 0.00, 'Returned'),
(17, 4, 83, '2026-05-09', '2026-05-16', NULL, 0.00, 'Borrowed'),
(18, 5, 24, '2026-05-10', '2026-05-17', '2026-05-10', 0.00, 'Returned'),
(19, 4, 3, '2026-05-11', '2026-05-18', NULL, 0.00, 'Borrowed'),
(20, 6, 25, '2026-05-11', '2026-05-18', NULL, 0.00, 'Borrowed'),
(21, 6, 99, '2026-05-11', '2026-05-18', NULL, 0.00, 'Borrowed'),
(22, 6, 95, '2026-05-11', '2026-05-18', NULL, 0.00, 'Borrowed'),
(23, 5, 101, '2026-05-24', '2026-05-31', NULL, 0.00, 'Borrowed'),
(25, 5, 100, '2026-05-24', '2026-05-31', NULL, 0.00, 'Borrowed'),
(26, 5, 91, '2026-05-24', '2026-05-31', NULL, 0.00, 'Rejected'),
(27, 5, 91, '2026-05-24', '2026-05-31', NULL, 0.00, 'Pending'),
(28, 2, 24, '2026-05-24', '2026-05-31', NULL, 0.00, 'Borrowed'),
(29, 2, 89, '2026-05-24', '2026-05-31', NULL, 0.00, 'Rejected'),
(30, 13, 27, '2026-05-28', '2026-06-04', NULL, 0.00, 'Pending');

-- --------------------------------------------------------

--
-- Table structure for table `members`
--

CREATE TABLE `members` (
  `id` int(11) NOT NULL,
  `member_code` varchar(20) DEFAULT NULL,
  `name` varchar(100) NOT NULL,
  `username` varchar(50) NOT NULL,
  `password` varchar(255) NOT NULL,
  `role` varchar(50) NOT NULL DEFAULT 'student',
  `email` varchar(100) DEFAULT NULL,
  `gender` enum('Male','Female','Other') DEFAULT NULL,
  `class` varchar(50) DEFAULT NULL,
  `phone` varchar(20) DEFAULT NULL,
  `address` text DEFAULT NULL,
  `image` varchar(255) DEFAULT NULL,
  `created_at` timestamp NOT NULL DEFAULT current_timestamp()
) ENGINE=InnoDB DEFAULT CHARSET=utf8mb4 COLLATE=utf8mb4_general_ci;

--
-- Dumping data for table `members`
--

INSERT INTO `members` (`id`, `member_code`, `name`, `username`, `password`, `role`, `email`, `gender`, `class`, `phone`, `address`, `image`, `created_at`) VALUES
(1, 'MB-00001', 'Tong Sodavy', 'Sodavy', '$2y$10$d2FnURa8Vnqf20PZINaHjeHAt8sIFlSdYUQK5cLKKkfyV4vktUeXm', 'student', 'sodavy@gmail.com', 'Male', 'អគ្គិសនី ឆ្នាំទី១', '089767735', 'ភូមិ អាត់ស៊ូ ខេត្ត Kampong Thom455', NULL, '2026-02-25 04:33:39'),
(2, 'IT-00023', 'ផ្លិច សីវយាន', 'Sevyean', '$2y$10$ARqANxeyc4JaqgOwYSyJ0uX0aTrVD7X1IFEVY9R2poHOO39q5Viby', 'student', 'sevyean@gmail.com', 'Other', 'កុំព្យូទ័រ ឆ្នាំទី៣', '0124895620', 'Kampong Thom', 'user_699fc8c31a7b8.jpg', '2026-02-26 04:00:05'),
(3, '123', 'maily', 'maily', '$2y$10$fmJfD78D.k1AC8j7s73In.YW3LbUtlGZvXQgw.Xw3Pn2xmzak/KRe', 'student', 'maliy123@mail.com', 'Female', 'កុំព្យូទ័រ ឆ្នាំទី៣', '0977001425', 'kampong thom', 'user_699ff57167ece.png', '2026-02-26 07:20:47'),
(4, 'MB-9393', 'Sivyean Plech', 'Sivyean', '$2y$10$XSss9acCmd4jZdwyx7tYtuHGPaIPWOrGEX8/PENINGEmA5UUEuAh.', 'student', 'sivyean1@gmail.com', 'Female', 'កុំព្យូទ័រ ឆ្នាំទី៣', '09798281256', 'អាត់ស៊ូ-Sambor, Prasat Sambor, Kampong Thom', 'user_69fef101490ee.jpg', '2026-04-30 06:59:44'),
(5, 'MB-9311', 'Nana naTa', 'nana', '$2y$10$fo5Gng0UDem8RunR21YsAu00iJI.G2QRLpKp/I/6NirdOC85g9ERy', 'student', 'nana@gmail.com', 'Male', 'អនុភាពអគ្គិសនី', '09798285111', 'Kampong Thom123', 'user_6a16ae523265f.jpg', '2026-05-09 09:30:07'),
(6, 'MEM20260321', 'Lin', 'Lin', '$2y$10$a2tnCug463/npN9SzlwrUen4lQBSkD2o0NLu/GMHw3sQ8NQBkIRuq', 'student', 'lin@gmail.com', 'Male', 'វិទ្យាសាស្រ្តសត្វ១', '015896244', 'កំ-ទាល', 'user_6a01938e3b91d.jpg', '2026-05-11 08:28:44'),
(7, 'MEM20268045', 'Plech Sivyean2', 'Sivyean2', '$2y$10$OCCEDsZarxUVjgvdbqDROOp29054K2ZahAGcdieBWXL.uzOZd2y3W', 'student', 'plechsivyean519@gmail.com', 'Male', 'វិទ្យាសាស្រ្តសត្វ2', '0977001425', 'PP', NULL, '2026-05-11 08:57:19'),
(9, 'MEM20261962', 'Plech', 'Plech', '$2y$10$2el2DCjhkI0pBHTZVoQXnek0rqS2zPfW1QwEKiS9dLu1IoH5SE3M.', 'student', 'plechsivyean19@gmail.com', 'Male', 'អគ្គិសនី ឆ្នាំទី2', '09798285111', 'PP', NULL, '2026-05-11 08:58:34'),
(10, 'MEM20262804', 'Plech2', 'Plech2', '$2y$10$Io7f.XrjmFYIQsaep840Ue25Yuu57kMb3KFh64vRgB7FkJF0eWcpy', 'student', 'plechsian519@gmail.com', 'Female', '១០ B', '09798285111', 'KK', NULL, '2026-05-11 08:59:11'),
(11, 'MEM20261701', 'Plech Sivyean5', 'Sivyean5', '$2y$10$SP1M0MGN/VO4ZqYIat0t/OBZW9FgIOA/87LwfEwRrV/KYxipPKmJm', 'student', 'plsivyean519@gmail.com', 'Female', 'កុំព្យូទ័រ ឆ្នាំទី2', '09798285789', 'PPK', NULL, '2026-05-11 08:59:56'),
(12, 'MEM20266994', 'Plech Sivyean8', 'Sivyean8', '$2y$10$P7wGE9aoo0p79A3.jRtVZ.2bPA1JE6tsL2DCwpD.AKbxf82eRHggu', 'student', 'plechsivean519@gmail.com', 'Male', 'កុំព្យូទ័រ ឆ្នាំទី2', '0977001425', 'KKp', NULL, '2026-05-11 09:00:27'),
(13, '25061101', 'ឃាម  សុខជា', 'SOKCHEA', '$2y$10$GU8O90vRltyqP5f5WM9cs.DrGAeJDsbwrJIKY3rOShfnyvAsTXgs2', 'student', '25061101@gmail.com', 'Female', 'វិទ្យាសាស្ត្រដំណាំ', '0150002223', 'Kampong Chhnang, Cambodia.', 'user_6a17eb95cf404.jpg', '2026-05-27 06:58:45'),
(14, '25031104', 'លី  ស៊ីហា', 'SIYHA', '$2y$10$o/rfWX1E7oYqDB0e.qgCO.UIM372iJKCSr2h3JxSMAkgAbKo8tP8m', 'teacher', '25031104@gmail.com', 'Male', 'អេឡិចត្រូនិច', '0150002223', 'ភ្នំពេញ, កម្ពុជា', 'user_6a17cf48627a0.jpg', '2026-05-27 07:09:49'),
(15, '25031108', 'អេង  សុកហឿង', 'SOKHOEUNG', '$2y$10$cMR/8FRM1xdrFAmqLNsSkO6TQ8SNCWItw7dQkFX28xZi89JeZvi1K', 'student', '25031108@gmail.com', 'Female', 'អេឡិចត្រូនិច', '0125031108', 'KP', NULL, '2026-05-28 02:14:43');

-- --------------------------------------------------------

--
-- Table structure for table `posts`
--

CREATE TABLE `posts` (
  `id` int(11) NOT NULL,
  `title` varchar(255) NOT NULL,
  `image` varchar(255) DEFAULT NULL,
  `created_at` timestamp NOT NULL DEFAULT current_timestamp()
) ENGINE=InnoDB DEFAULT CHARSET=utf8mb4 COLLATE=utf8mb4_unicode_ci;

--
-- Dumping data for table `posts`
--

INSERT INTO `posts` (`id`, `title`, `image`, `created_at`) VALUES
(1, 'សិក្ខាសាលាស្តីពីការប្រើប្រាស់បណ្ណាល័យឌីជីថល ឆ្នាំ២០២៦', '1780284622_Cover Libary 04.jpg', '2026-05-24 04:14:15'),
(2, 'ពិព័រណ៍សៀវភៅជាតិប្រចាំឆ្នាំ នៅវិទ្យាស្ថានបច្ចេកវិទ្យាកំពង់ឈើទាល', '1780284604_Cover Libary 03.jpg', '2026-05-24 04:14:15'),
(3, 'សៀវភៅអប់រំ និងស្រាវជ្រាវថ្មីៗត្រូវបានបញ្ចូលក្នុងប្រព័ន្ធបណ្ណាល័យ-KCIT', '1780284588_Cover Libary 10.jpg', '2026-05-24 04:14:15'),
(4, 'បុណ្យសាលា 2026', '1780284848_f11e9bee.jpg', '2026-06-01 03:34:08'),
(5, 'វិទ្យាស្ថានបច្ចេកវិទ្យាកំពង់ឈើទាល (KCIT)', '1780290089_Cover Libary 7.jpg', '2026-06-01 03:52:09'),
(6, 'ពាក្យស្លោក', '1780290080_Cover Libary 6.jpg', '2026-06-01 04:04:53'),
(7, 'និស្សិត', '1780290073_Cover Libary 3.jpg', '2026-06-01 04:05:56'),
(8, 'សិស្ស', '1780290065_Cover Libary 2.jpg', '2026-06-01 04:06:25'),
(9, 'អន្តេវាសិកដ្ឋានសិស្ស-និស្សិត', '1780290141_05fceecd.jpg', '2026-06-01 05:02:21');

-- --------------------------------------------------------

--
-- Table structure for table `students`
--

CREATE TABLE `students` (
  `id` int(11) NOT NULL,
  `name` varchar(255) CHARACTER SET utf8mb4 COLLATE utf8mb4_unicode_ci DEFAULT NULL,
  `latang` varchar(255) DEFAULT NULL,
  `sex` varchar(10) CHARACTER SET utf8mb4 COLLATE utf8mb4_unicode_ci DEFAULT NULL,
  `birth` varchar(100) CHARACTER SET utf8mb4 COLLATE utf8mb4_unicode_ci DEFAULT NULL,
  `id_student` varchar(50) DEFAULT NULL,
  `major` varchar(255) CHARACTER SET utf8mb4 COLLATE utf8mb4_unicode_ci DEFAULT NULL,
  `department` varchar(255) CHARACTER SET utf8mb4 COLLATE utf8mb4_unicode_ci DEFAULT NULL,
  `end` varchar(50) DEFAULT NULL,
  `degree` varchar(100) CHARACTER SET utf8mb4 COLLATE utf8mb4_unicode_ci DEFAULT NULL
) ENGINE=InnoDB DEFAULT CHARSET=utf8mb4 COLLATE=utf8mb4_general_ci;

--
-- Dumping data for table `students`
--

INSERT INTO `students` (`id`, `name`, `latang`, `sex`, `birth`, `id_student`, `major`, `department`, `end`, `degree`) VALUES
(2, 'ឃាម  សុខជា', 'KHEAM  SOKCHEA', 'ស្រី', '១២ / មិថុនា / ២០០១', '25061101', 'វិទ្យាសាស្ត្រដំណាំ', 'ក្សេត្រសាស្ត្រ', '31/12/2027', 'បរិ.រង'),
(3, 'តុត  ភក្ដី', 'TOT  PHEAKDEY', 'ស្រី', '០៧ / កុម្ភៈ / ២០០៧', '25061102', 'វិទ្យាសាស្ត្រដំណាំ', 'ក្សេត្រសាស្ត្រ', '31/12/2027', 'បរិ.រង'),
(4, 'ថាត  តារារូឌ្ស', 'THAT  DARARUTH', 'ស្រី', '០៤ / កក្កដា / ២០០៨', '25061103', 'វិទ្យាសាស្ត្រដំណាំ', 'ក្សេត្រសាស្ត្រ', '31/12/2027', 'បរិ.រង'),
(5, 'មន  ថុណា', 'MON  THUNA', 'ប្រុស', '០៧ / មិថុនា / ២០០៧', '25061104', 'វិទ្យាសាស្ត្រដំណាំ', 'ក្សេត្រសាស្ត្រ', '31/12/2027', 'បរិ.រង'),
(6, 'ស៊ុន  វិទូ', 'SUN  VITU', 'ប្រុស', '២០ / សីហា / ២០០៥', '25061105', 'វិទ្យាសាស្ត្រដំណាំ', 'ក្សេត្រសាស្ត្រ', '31/12/2027', 'បរិ.រង'),
(7, 'សួង  ហុងលី', 'SOUNG  HONGLY', 'ប្រុស', '១៤ / ធ្នូ / ២០០៨', '25061106', 'វិទ្យាសាស្ត្រដំណាំ', 'ក្សេត្រសាស្ត្រ', '31/12/2027', 'បរិ.រង'),
(8, 'ថិក  ចាប', 'THIK  CHAB', 'ប្រុស', '១០ / មករា / ២០០៤', '25062101', 'វិទ្យាសាស្ត្រដំណាំ', 'ក្សេត្រសាស្ត្រ', '31/12/2029', 'បរិញ្ញា'),
(9, 'ប៉ែន  ចំរ៉ុង', 'PEN  CHOMRONG', 'ប្រុស', '០៨ / មីនា / ២០០៨', '25062102', 'វិទ្យាសាស្ត្រដំណាំ', 'ក្សេត្រសាស្ត្រ', '31/12/2029', 'បរិញ្ញា'),
(10, 'បាវ  គឹមសេង', 'BAV  KIMSENG', 'ស្រី', '០១ / ធ្នូ / ២០០៦', '25062103', 'វិទ្យាសាស្ត្រដំណាំ', 'ក្សេត្រសាស្ត្រ', '31/12/2029', 'បរិញ្ញា'),
(11, 'យឹម  លីហ៊ន់', 'YOEM  LYHORN', 'ស្រី', '២៩ / វិច្ឆិកា / ២០០៧', '25062104', 'វិទ្យាសាស្ត្រដំណាំ', 'ក្សេត្រសាស្ត្រ', '31/12/2029', 'បរិញ្ញា'),
(12, 'លន់  សាលីន', 'LOUN  SALIN', 'ប្រុស', '១២ / តុលា / ២០០៧', '25062105', 'វិទ្យាសាស្ត្រដំណាំ', 'ក្សេត្រសាស្ត្រ', '31/12/2029', 'បរិញ្ញា'),
(13, 'សាំង  ឡៃ', 'SAMNG  LAI', 'ស្រី', '០៨ / ឧសភា / ២០០៨', '25062106', 'វិទ្យាសាស្ត្រដំណាំ', 'ក្សេត្រសាស្ត្រ', '31/12/2029', 'បរិញ្ញា'),
(14, 'ហ៊ួ  ស្រីលីស', 'HOUR  SREYLIS', 'ស្រី', '២០ / សីហា / ២០០៦', '25061107', 'វិទ្យាសាស្ត្រដំណាំ', 'ក្សេត្រសាស្ត្រ', '31/12/2027', 'បរិ.រង'),
(15, 'ឡុក  ពិសី', 'LOK  PISEY', 'ប្រុស', '២១ / សីហា / ២០០៨', '25061108', 'វិទ្យាសាស្ត្រដំណាំ', 'ក្សេត្រសាស្ត្រ', '31/12/2027', 'បរិ.រង'),
(16, 'កង  សុកណាត', 'KANG  SOKNATH', 'ស្រី', '១៣ / មករា / ២០០៨', '25051101', 'វិទ្យាសាស្ត្រសត្វ', 'បសុវប្បកម្ម', '31/12/2027', 'បរិ.រង'),
(17, 'ខេន  ដាលិស', 'KHEN  DALIS', 'ស្រី', '០៣ / មករា / ២០០៨', '25051102', 'វិទ្យាសាស្ត្រសត្វ', 'បសុវប្បកម្ម', '31/12/2027', 'បរិ.រង'),
(18, 'ឃាម  សុខអ៊ុន', 'KHEAM  SOK​UN', 'ស្រី', '០៩ / កក្កដា / ២០០៤', '25051103', 'វិទ្យាសាស្ត្រសត្វ', 'បសុវប្បកម្ម', '31/12/2027', 'បរិ.រង'),
(19, 'ឃីម  ស្រីខួច', 'KHIM  SREYKHUOCH', 'ស្រី', '០៩ / មករា / ២០០៨', '25051104', 'វិទ្យាសាស្ត្រសត្វ', 'បសុវប្បកម្ម', '31/12/2027', 'បរិ.រង'),
(20, 'ឈិន  ស្រីនឹង', 'CHHIN  SREYNIENG', 'ស្រី', '០៤ / មេសា / ២០០៧', '25051105', 'វិទ្យាសាស្ត្រសត្វ', 'បសុវប្បកម្ម', '31/12/2027', 'បរិ.រង'),
(21, 'កុល  ចន្ទី', 'KOL  CHANTY', 'ស្រី', '០៨ / តុលា / ២០០៧', '25052101', 'វិទ្យាសាស្ត្រសត្វ', 'បសុវប្បកម្ម', '31/12/2029', 'បរិញ្ញា'),
(22, 'ខាន់  សំបូរ', 'KHANN  SAMBO', 'ប្រុស', '២៤ / វិច្ឆិកា / ២០០៧', '25052102', 'វិទ្យាសាស្ត្រសត្វ', 'បសុវប្បកម្ម', '31/12/2029', 'បរិញ្ញា'),
(23, 'ចាន់  សារិន', 'CHAN  SARIN', 'ប្រុស', '១១ / តុលា / ២០០៦', '25052103', 'វិទ្យាសាស្ត្រសត្វ', 'បសុវប្បកម្ម', '31/12/2029', 'បរិញ្ញា'),
(24, 'តេ  ម៉ីជិ', 'TE  MEYCHI', 'ស្រី', '០៧ / វិច្ឆិកា / ២០០៧', '25051106', 'វិទ្យាសាស្ត្រសត្វ', 'បសុវប្បកម្ម', '31/12/2027', 'បរិ.រង'),
(25, 'នួន  សុខយ៉ា', 'NUON  SOKYA', 'ស្រី', '១៥ / មករា / ២០០៩', '25051107', 'វិទ្យាសាស្ត្រសត្វ', 'បសុវប្បកម្ម', '31/12/2027', 'បរិ.រង'),
(26, 'ពៅ  ម៉ានី', 'POV  MANY', 'ស្រី', '២១ / មេសា / ២០០៦', '25051108', 'វិទ្យាសាស្ត្រសត្វ', 'បសុវប្បកម្ម', '31/12/2027', 'បរិ.រង'),
(27, 'ភឿន  វន្នី', 'PHOEUN  VANNY', 'ស្រី', '០៥ / ធ្នូ / ២០០៨', '25051109', 'វិទ្យាសាស្ត្រសត្វ', 'បសុវប្បកម្ម', '31/12/2027', 'បរិ.រង'),
(28, 'ម៉ូន  លីណា', 'MOUN  LINA', 'ស្រី', '២២ / សីហា / ២០០៧', '25051110', 'វិទ្យាសាស្ត្រសត្វ', 'បសុវប្បកម្ម', '31/12/2027', 'បរិ.រង'),
(29, 'ធាង  ប៊ុនហ៊ុយ', 'THEANG  BUNHUY', 'ប្រុស', '០៨ / មីនា / ២០០៦', '25052104', 'វិទ្យាសាស្ត្រសត្វ', 'បសុវប្បកម្ម', '31/12/2029', 'បរិញ្ញា'),
(30, 'ធួន  ណាំង', 'THUON  NAING', 'ប្រុស', '១១ / ឧសភា / ២០០៤', '25052105', 'វិទ្យាសាស្ត្រសត្វ', 'បសុវប្បកម្ម', '31/12/2029', 'បរិញ្ញា'),
(31, 'នន  សាវណ្ណា', 'NON  SAVANA', 'ស្រី', '២៣ / សីហា / ២០០៨', '25052106', 'វិទ្យាសាស្ត្រសត្វ', 'បសុវប្បកម្ម', '31/12/2029', 'បរិញ្ញា'),
(32, 'រ៉ាត់  រ៉ានី', 'RAT  RANY', 'ស្រី', '២៣ / កក្កដា / ២០០៩', '25051111', 'វិទ្យាសាស្ត្រសត្វ', 'បសុវប្បកម្ម', '31/12/2027', 'បរិ.រង'),
(33, 'លួ  សុឡី', 'LOU  SOLEY', 'ប្រុស', '៣១ / មករា / ២០០៨', '25051112', 'វិទ្យាសាស្ត្រសត្វ', 'បសុវប្បកម្ម', '31/12/2027', 'បរិ.រង'),
(34, 'លឿន  ប៊ុនលាង', 'LOEUN  BUNLEANG', 'ស្រី', '២៩ / ធ្នូ / ២០០៧', '25051113', 'វិទ្យាសាស្ត្រសត្វ', 'បសុវប្បកម្ម', '31/12/2027', 'បរិ.រង'),
(35, 'សុខា  លីណា', 'SOKHA  LINA', 'ស្រី', '០៥ / មីនា / ២០០៧', '25051114', 'វិទ្យាសាស្ត្រសត្វ', 'បសុវប្បកម្ម', '31/12/2027', 'បរិ.រង'),
(36, 'សុន  សុភា', 'SON  SOPHEA', 'ស្រី', '១៦ / វិច្ឆិកា / ២០០៦', '25051115', 'វិទ្យាសាស្ត្រសត្វ', 'បសុវប្បកម្ម', '31/12/2027', 'បរិ.រង'),
(37, 'ផន  សុផាត', 'PHORN  SOPHAT', 'ប្រុស', '០៨ / វិច្ឆិកា / ២០០៧', '25052107', 'វិទ្យាសាស្ត្រសត្វ', 'បសុវប្បកម្ម', '31/12/2029', 'បរិញ្ញា'),
(38, 'វ៉ាត  ចាន់ធឿន', 'VAT  CHANTHOEUN', 'ស្រី', '០៥ / ឧសភា / ២០០៧', '25052109', 'វិទ្យាសាស្ត្រសត្វ', 'បសុវប្បកម្ម', '31/12/2029', 'បរិញ្ញា'),
(39, 'ហ៊ុន  ឡៃហ៊ាង', 'HUN  LAIHEANG', 'ប្រុស', '២៥ / ធ្នូ / ២០០៦', '25052110', 'វិទ្យាសាស្ត្រសត្វ', 'បសុវប្បកម្ម', '31/12/2029', 'បរិញ្ញា'),
(40, 'ម៉ៅ  ពុទ្ធា', 'MAO  PUTHEA', 'ប្រុស', '១៣ / មិថុនា / ២០០៧', '25052108', 'វិទ្យាសាស្ត្រសត្វ', 'បសុវប្បកម្ម', '31/12/2029', 'បរិញ្ញា'),
(41, 'ហ៊ិត  ប៊ុនឧត្តម', 'HIT  BUNOUTDOM', 'ប្រុស', '២០ / មករា / ២០០៤', '25051116', 'វិទ្យាសាស្ត្រសត្វ', 'បសុវប្បកម្ម', '31/12/2027', 'បរិ.រង'),
(42, 'ឡឹង  ឡៃហ័ង', 'LOENG  LAIHUANG', 'ស្រី', '១៧ / ធ្នូ / ២០០៨', '25051117', 'វិទ្យាសាស្ត្រសត្វ', 'បសុវប្បកម្ម', '31/12/2027', 'បរិ.រង'),
(43, 'រ៉ែន  ផាន់នឿន', 'REN  PHANNOEUN', 'ស្រី', '១០ / កុម្ភៈ / ២០០៦', '25052112', 'វិទ្យាសាស្ត្រសត្វ', 'បសុវប្បកម្ម', '31/12/2029', 'បរិញ្ញា'),
(44, 'ហោ  រក្សា', 'HOR  REAKSA', 'ស្រី', '២៥ / សីហា / ២០០៩', '25052111', 'វិទ្យាសាស្ត្រសត្វ', 'បសុវប្បកម្ម', '31/12/2029', 'បរិញ្ញា'),
(45, 'អ៊ីន  ថាន', 'EN  THAN', 'ប្រុស', '០៧ / មេសា / ២០០៥', '25051118', 'វិទ្យាសាស្ត្រសត្វ', 'បសុវប្បកម្ម', '31/12/2027', 'បរិ.រង'),
(46, 'ខន  សំណាង', 'KHORN  SAMNANG', 'ប្រុស', '១៣ / មិថុនា / ២០០៧', '25021101', 'អនុភាពអគ្គិសនី', 'អគ្គិសនី', '31/12/2027', 'បរិ.រង'),
(47, 'គៀង  ករុណា', 'KIENG  KAKRONA', 'ប្រុស', '១៤ / មករា / ២០១០', '25021102', 'អនុភាពអគ្គិសនី', 'អគ្គិសនី', '31/12/2027', 'បរិ.រង'),
(48, 'ឃៀម  ស៊ីហា', 'KHEAM  SYHA', 'ប្រុស', '១១ / កក្កដា / ២០០៧', '25021103', 'អនុភាពអគ្គិសនី', 'អគ្គិសនី', '31/12/2027', 'បរិ.រង'),
(49, 'ឆន  វាសនា', 'CHHORN  VEASNA', 'ប្រុស', '០៩ / មករា / ២០០៤', '25021104', 'អនុភាពអគ្គិសនី', 'អគ្គិសនី', '31/12/2027', 'បរិ.រង'),
(50, 'កុត  ភាព', 'KOT    PHAEP', 'ប្រុស', '១០ / កុម្ភៈ / ២០០៥', '25022101', 'អនុភាពអគ្គិសនី', 'អគ្គិសនី', '31/12/2029', 'បរិញ្ញា'),
(51, 'កែ  សោភ័ណ', 'KE  SOPHORN', 'ប្រុស', '២៦ / តុលា / ២០០៨', '25022102', 'អនុភាពអគ្គិសនី', 'អគ្គិសនី', '31/12/2029', 'បរិញ្ញា'),
(52, 'គន  សុផល', 'KON  SUPHAL', 'ប្រុស', '២៣ / ឧសភា / ២០០៦', '25022103', 'អនុភាពអគ្គិសនី', 'អគ្គិសនី', '31/12/2029', 'បរិញ្ញា'),
(53, 'ជា  វិជ្ជានុរៈ', 'CHEA  VICHEANUREAK', 'ប្រុស', '០៣ / កុម្ភៈ / ២០០៤', '25022104', 'អនុភាពអគ្គិសនី', 'អគ្គិសនី', '31/12/2029', 'បរិញ្ញា'),
(54, 'ធឿន  ប៊ុនថែ', 'THOEUN  BUNTHE', 'ប្រុស', '១៥ / មករា / ២០០៤', '25022105', 'អនុភាពអគ្គិសនី', 'អគ្គិសនី', '31/12/2029', 'បរិញ្ញា'),
(55, 'ឆេង  ឆឹង', 'CHHENG  CHHOENG', 'ប្រុស', '១៩ / មករា / ២០០៨', '25021105', 'អនុភាពអគ្គិសនី', 'អគ្គិសនី', '31/12/2027', 'បរិ.រង'),
(56, 'ជន  ហុកឡេង', 'CHUN  HOKLENG', 'ប្រុស', '០៧ / វិច្ឆិកា / ២០០៦', '25021106', 'អនុភាពអគ្គិសនី', 'អគ្គិសនី', '31/12/2027', 'បរិ.រង'),
(57, 'នាម  សានូ', 'NEAM  SANU', 'ប្រុស', '១៥ / សីហា / ២០០៦', '25021107', 'អនុភាពអគ្គិសនី', 'អគ្គិសនី', '31/12/2027', 'បរិ.រង'),
(58, 'ប៊ូ  ឡុងឆេង', 'BU  LONGCHHENG', 'ប្រុស', '០៣ / មីនា / ២០០៥', '25021108', 'អនុភាពអគ្គិសនី', 'អគ្គិសនី', '31/12/2027', 'បរិ.រង'),
(59, 'ផាត  សុបញ្ញា', 'PHAT  SOPANHA', 'ប្រុស', '១៨ / វិច្ឆិកា / ២០០៧', '25022106', 'អនុភាពអគ្គិសនី', 'អគ្គិសនី', '31/12/2029', 'បរិញ្ញា'),
(60, 'ម៉ៅ  ស៊ីណាត', 'MAO  SINATH', 'ប្រុស', '១៩ / ឧសភា / ២០០៨', '25022107', 'អនុភាពអគ្គិសនី', 'អគ្គិសនី', '31/12/2029', 'បរិញ្ញា'),
(61, 'ម៉ៅ   តុងហៃ', 'MOA  TONGHAI', 'ប្រុស', '០៥ / ឧសភា / ២០០៦', '25022108', 'អនុភាពអគ្គិសនី', 'អគ្គិសនី', '31/12/2029', 'បរិញ្ញា'),
(62, 'យុន  ធីណា', 'YUN  THYNA', 'ស្រី', '២៣ / តុលា / ២០០៧', '25022109', 'អនុភាពអគ្គិសនី', 'អគ្គិសនី', '31/12/2029', 'បរិញ្ញា'),
(63, 'រិន  តុលា', 'RIN  TOLA', 'ប្រុស', '០៥ / តុលា / ២០០៦', '25022110', 'អនុភាពអគ្គិសនី', 'អគ្គិសនី', '31/12/2029', 'បរិញ្ញា'),
(64, 'ផាន  សុខភីម', 'PHAN  SOKPHIM', 'ប្រុស', '២៥ / កក្កដា / ២០០៧', '25021109', 'អនុភាពអគ្គិសនី', 'អគ្គិសនី', '31/12/2027', 'បរិ.រង'),
(65, 'ភោគ  លីហួរ', 'PHOUK  LYHOUR', 'ប្រុស', '១២ / ធ្នូ / ២០០៧', '25021110', 'អនុភាពអគ្គិសនី', 'អគ្គិសនី', '31/12/2027', 'បរិ.រង'),
(66, 'រិន  សារាម', 'RIN  SAREAM', 'ប្រុស', '០៦ / សីហា / ២០០៧', '25021111', 'អនុភាពអគ្គិសនី', 'អគ្គិសនី', '31/12/2027', 'បរិ.រង'),
(67, 'សាម  សុភាព', 'SAM  SOPHEAP', 'ប្រុស', '២៧ / មិថុនា / ២០០៦', '25021112', 'អនុភាពអគ្គិសនី', 'អគ្គិសនី', '31/12/2027', 'បរិ.រង'),
(68, 'លី  សត្ថាមុនី', 'LY  SATHAMONY', 'ប្រុស', '០២ / មេសា / ២០០៧', '25022111', 'អនុភាពអគ្គិសនី', 'អគ្គិសនី', '31/12/2029', 'បរិញ្ញា'),
(69, 'លឹម  សុវ៉ាត់', 'LOEM  SOVATT', 'ប្រុស', '១៣ / សីហា / ២០០៥', '25022112', 'អនុភាពអគ្គិសនី', 'អគ្គិសនី', '31/12/2029', 'បរិញ្ញា'),
(70, 'ស៊ឹម  វណ្ណៈ', 'SOEM  VANNAK', 'ប្រុស', '០៩ / សីហា / ២០០៦', '25022113', 'អនុភាពអគ្គិសនី', 'អគ្គិសនី', '31/12/2029', 'បរិញ្ញា'),
(71, 'សាន  ធីញណៃ', 'SAN  THINHNAI', 'ប្រុស', '០៥ / ធ្នូ / ២០០៧', '25022114', 'អនុភាពអគ្គិសនី', 'អគ្គិសនី', '31/12/2029', 'បរិញ្ញា'),
(72, 'សុខ  កុសល', 'SOK  KOSAL', 'ប្រុស', '០៩ / មីនា / ២០០៧', '25022115', 'អនុភាពអគ្គិសនី', 'អគ្គិសនី', '31/12/2029', 'បរិញ្ញា'),
(73, 'សៀ  សុខខេង', 'SEA  SOKKHENG', 'ប្រុស', '២០ / កញ្ញា / ២០០៧', '25021113', 'អនុភាពអគ្គិសនី', 'អគ្គិសនី', '31/12/2027', 'បរិ.រង'),
(74, 'ហ៊ាន់   ហំ', 'HEAN  HOM', 'ប្រុស', '១២ / ធ្នូ / ២០០៦', '25021114', 'អនុភាពអគ្គិសនី', 'អគ្គិសនី', '31/12/2027', 'បរិ.រង'),
(75, 'ហាក់  លីហ៊ួយ', 'HAK  LYHOUY', 'ប្រុស', '១៦ / មិថុនា / ២០០៧', '25021115', 'អនុភាពអគ្គិសនី', 'អគ្គិសនី', '31/12/2027', 'បរិ.រង'),
(76, 'សុខតុល  ឆេងហ័ង', 'SOKTOL  CHHENGHORNG', 'ប្រុស', '២៥ / វិច្ឆិកា / ២០០៥', '25022116', 'អនុភាពអគ្គិសនី', 'អគ្គិសនី', '31/12/2029', 'បរិញ្ញា'),
(77, 'សេន  សុខៃ', 'SEN  SOKHAI', 'ប្រុស', '២៥ / សីហា / ២០០៧', '25022117', 'អនុភាពអគ្គិសនី', 'អគ្គិសនី', '31/12/2029', 'បរិញ្ញា'),
(78, 'ស្រេង  ភារុន', 'SRENG  PHEARUN', 'ប្រុស', '០៨ / កញ្ញា / ២០០៧', '25022118', 'អនុភាពអគ្គិសនី', 'អគ្គិសនី', '31/12/2029', 'បរិញ្ញា'),
(79, 'ផល  ឌីកូ', 'PHAL  DEKO', 'ប្រុស', '២៩ / ធ្នូ / ២០០៧', '25031101', 'អេឡិចត្រូនិច', 'អេឡិចត្រូនិច', '31/12/2027', 'បរិ.រង'),
(80, 'ពឿន  វណ្ណាក់', 'POEUN  VANNAK', 'ស្រី', '២៤ / ឧសភា / ២០០៧', '25031102', 'អេឡិចត្រូនិច', 'អេឡិចត្រូនិច', '31/12/2027', 'បរិ.រង'),
(81, 'រិត  សេងហួរ', 'RIT  SENGHOUR', 'ស្រី', '១៦ / កុម្ភៈ / ២០០៨', '25031103', 'អេឡិចត្រូនិច', 'អេឡិចត្រូនិច', '31/12/2027', 'បរិ.រង'),
(82, 'លី  ស៊ីហា', 'LY  SIYHA', 'ប្រុស', '១៦ / កញ្ញា / ២០០៧', '25031104', 'អេឡិចត្រូនិច', 'អេឡិចត្រូនិច', '31/12/2027', 'បរិ.រង'),
(83, 'សុខ  ធារ៉ា', 'SOK  THEARA', 'ប្រុស', '២២ / ឧសភា / ២០០៦', '25031105', 'អេឡិចត្រូនិច', 'អេឡិចត្រូនិច', '31/12/2027', 'បរិ.រង'),
(84, 'ឡេត  សុកលី', 'LET  SOKLY', 'ប្រុស', '១១ / តុលា / ២០០៤', '25031106', 'អេឡិចត្រូនិច', 'អេឡិចត្រូនិច', '31/12/2027', 'បរិ.រង'),
(85, 'អេង  ឈីងអ៊ីង', 'ENG  CHHINGING', 'ស្រី', '១៨ / តុលា / ២០០៦', '25031107', 'អេឡិចត្រូនិច', 'អេឡិចត្រូនិច', '31/12/2027', 'បរិ.រង'),
(86, 'អេង  សុកហឿង', 'ENG  SOKHOEUNG', 'ស្រី', '២៤ / មីនា / ២០០៦', '25031108', 'អេឡិចត្រូនិច', 'អេឡិចត្រូនិច', '31/12/2027', 'បរិ.រង');

--
-- Indexes for dumped tables
--

--
-- Indexes for table `admin`
--
ALTER TABLE `admin`
  ADD PRIMARY KEY (`id`);

--
-- Indexes for table `books`
--
ALTER TABLE `books`
  ADD PRIMARY KEY (`id`);

--
-- Indexes for table `borrows`
--
ALTER TABLE `borrows`
  ADD PRIMARY KEY (`id`),
  ADD KEY `member_id` (`member_id`),
  ADD KEY `book_id` (`book_id`);

--
-- Indexes for table `members`
--
ALTER TABLE `members`
  ADD PRIMARY KEY (`id`),
  ADD UNIQUE KEY `username` (`username`),
  ADD UNIQUE KEY `member_code` (`member_code`),
  ADD UNIQUE KEY `email` (`email`);

--
-- Indexes for table `posts`
--
ALTER TABLE `posts`
  ADD PRIMARY KEY (`id`);

--
-- Indexes for table `students`
--
ALTER TABLE `students`
  ADD PRIMARY KEY (`id`),
  ADD UNIQUE KEY `id_student` (`id_student`);

--
-- AUTO_INCREMENT for dumped tables
--

--
-- AUTO_INCREMENT for table `admin`
--
ALTER TABLE `admin`
  MODIFY `id` int(11) NOT NULL AUTO_INCREMENT, AUTO_INCREMENT=2;

--
-- AUTO_INCREMENT for table `books`
--
ALTER TABLE `books`
  MODIFY `id` int(11) NOT NULL AUTO_INCREMENT, AUTO_INCREMENT=104;

--
-- AUTO_INCREMENT for table `borrows`
--
ALTER TABLE `borrows`
  MODIFY `id` int(11) NOT NULL AUTO_INCREMENT, AUTO_INCREMENT=31;

--
-- AUTO_INCREMENT for table `members`
--
ALTER TABLE `members`
  MODIFY `id` int(11) NOT NULL AUTO_INCREMENT, AUTO_INCREMENT=16;

--
-- AUTO_INCREMENT for table `posts`
--
ALTER TABLE `posts`
  MODIFY `id` int(11) NOT NULL AUTO_INCREMENT, AUTO_INCREMENT=11;

--
-- AUTO_INCREMENT for table `students`
--
ALTER TABLE `students`
  MODIFY `id` int(11) NOT NULL AUTO_INCREMENT, AUTO_INCREMENT=87;

--
-- Constraints for dumped tables
--

--
-- Constraints for table `borrows`
--
ALTER TABLE `borrows`
  ADD CONSTRAINT `borrows_ibfk_1` FOREIGN KEY (`member_id`) REFERENCES `members` (`id`),
  ADD CONSTRAINT `borrows_ibfk_2` FOREIGN KEY (`book_id`) REFERENCES `books` (`id`);
COMMIT;

/*!40101 SET CHARACTER_SET_CLIENT=@OLD_CHARACTER_SET_CLIENT */;
/*!40101 SET CHARACTER_SET_RESULTS=@OLD_CHARACTER_SET_RESULTS */;
/*!40101 SET COLLATION_CONNECTION=@OLD_COLLATION_CONNECTION */;
